{"cameraMode":{"drawMode":0,"name":"Shaded","section":"Shading Mode"},"sceneLighting":false,"audioPlay":false,"sceneViewState":{"m_AlwaysRefresh":false,"showFog":true,"showSkybox":false,"showFlares":true,"showImageEffects":true,"showParticleSystems":true,"showVisualEffectGraphs":true,"m_FxEnabled":true},"in2DMode":false,"pivot":{"x":569.4288940429688,"y":216.9520263671875,"z":23.866973876953126},"rotation":{"x":-0.010807893238961697,"y":-0.009900768287479878,"z":0.0001339453738182783,"w":-0.9998684525489807},"size":251.40301513671876,"orthographic":false}