{"cameraMode":{"drawMode":0,"name":"Shaded","section":"Shading Mode"},"sceneLighting":true,"audioPlay":false,"sceneViewState":{"m_AlwaysRefresh":false,"showFog":true,"showSkybox":true,"showFlares":true,"showImageEffects":true,"showParticleSystems":true,"showVisualEffectGraphs":true,"m_FxEnabled":true},"in2DMode":false,"pivot":{"x":-165.4035186767578,"y":-5.087814807891846,"z":1697.224365234375},"rotation":{"x":-0.001784952008165419,"y":0.05325951799750328,"z":-0.0005409950390458107,"w":-0.9982095956802368},"size":870.9801635742188,"orthographic":false}