{"cameraMode":{"drawMode":0,"name":"Shaded","section":"Shading Mode"},"sceneLighting":true,"audioPlay":false,"sceneViewState":{"m_AlwaysRefresh":false,"showFog":true,"showSkybox":true,"showFlares":true,"showImageEffects":true,"showParticleSystems":true,"showVisualEffectGraphs":true,"m_FxEnabled":true},"in2DMode":false,"pivot":{"x":-8.035564422607422,"y":-110.43480682373047,"z":699.1138916015625},"rotation":{"x":0.08567062765359879,"y":-0.017000040039420129,"z":0.0016193591291084886,"w":0.9959420561790466},"size":361.0401611328125,"orthographic":false}