{"cameraMode":{"drawMode":0,"name":"Shaded","section":"Shading Mode"},"sceneLighting":true,"audioPlay":false,"sceneViewState":{"m_AlwaysRefresh":false,"showFog":true,"showSkybox":true,"showFlares":true,"showImageEffects":true,"showParticleSystems":true,"showVisualEffectGraphs":true,"m_FxEnabled":true},"in2DMode":false,"pivot":{"x":86.18814086914063,"y":23.44297218322754,"z":80.08140563964844},"rotation":{"x":-0.014788184314966202,"y":-0.9656468033790588,"z":0.25651755928993227,"w":-0.008657783269882203},"size":1.161552906036377,"orthographic":false}