{"cameraMode":{"drawMode":0,"name":"Shaded","section":"Shading Mode"},"sceneLighting":true,"audioPlay":false,"sceneViewState":{"m_AlwaysRefresh":false,"showFog":true,"showSkybox":true,"showFlares":true,"showImageEffects":true,"showParticleSystems":true,"showVisualEffectGraphs":true,"m_FxEnabled":true},"in2DMode":false,"pivot":{"x":20.891098022460939,"y":12.850204467773438,"z":-14.192374229431153},"rotation":{"x":-0.32721713185310366,"y":-0.044892821460962298,"z":0.001218723482452333,"w":-0.9433769583702087},"size":1.161552906036377,"orthographic":false}