{"cameraMode":{"drawMode":0,"name":"Shaded","section":"Shading Mode"},"sceneLighting":true,"audioPlay":false,"sceneViewState":{"m_AlwaysRefresh":false,"showFog":true,"showSkybox":true,"showFlares":true,"showImageEffects":true,"showParticleSystems":true,"showVisualEffectGraphs":true,"m_FxEnabled":true},"in2DMode":false,"pivot":{"x":16.331087112426759,"y":-227.1354217529297,"z":949.6536865234375},"rotation":{"x":0.11848894506692887,"y":-0.0016603166004642845,"z":0.0006176852039061487,"w":0.992594301700592},"size":503.86199951171877,"orthographic":false}