{"cameraMode":{"drawMode":0,"name":"Shaded","section":"Shading Mode"},"sceneLighting":true,"audioPlay":false,"sceneViewState":{"m_AlwaysRefresh":false,"showFog":true,"showSkybox":true,"showFlares":true,"showImageEffects":true,"showParticleSystems":true,"showVisualEffectGraphs":true,"m_FxEnabled":true},"in2DMode":false,"pivot":{"x":0.03418576717376709,"y":2.6497323513031008,"z":-14.218667984008789},"rotation":{"x":-0.08639564365148545,"y":-0.1469355672597885,"z":0.0010883675422519446,"w":-0.9846433997154236},"size":1.161552906036377,"orthographic":false}