{"cameraMode":{"drawMode":0,"name":"Shaded","section":"Shading Mode"},"sceneLighting":true,"audioPlay":false,"sceneViewState":{"m_AlwaysRefresh":false,"showFog":true,"showSkybox":true,"showFlares":true,"showImageEffects":true,"showParticleSystems":true,"showVisualEffectGraphs":true,"m_FxEnabled":true},"in2DMode":false,"pivot":{"x":72.83110046386719,"y":-3.7907979488372804,"z":58.46978759765625},"rotation":{"x":-0.05266431346535683,"y":-0.4854596257209778,"z":0.029312966391444207,"w":-0.8721734881401062},"size":29.154272079467775,"orthographic":false}