{"cameraMode":{"drawMode":0,"name":"Shaded","section":"Shading Mode"},"sceneLighting":true,"audioPlay":false,"sceneViewState":{"m_AlwaysRefresh":false,"showFog":true,"showSkybox":true,"showFlares":true,"showImageEffects":true,"showParticleSystems":true,"showVisualEffectGraphs":true,"m_FxEnabled":true},"in2DMode":false,"pivot":{"x":-133.61990356445313,"y":-117.80113220214844,"z":805.1412353515625},"rotation":{"x":-0.07778898626565933,"y":0.09485892951488495,"z":-0.008125506341457367,"w":-0.9921321272850037},"size":413.4412841796875,"orthographic":false}