{"cameraMode":{"drawMode":0,"name":"Shaded","section":"Shading Mode"},"sceneLighting":false,"audioPlay":false,"sceneViewState":{"m_AlwaysRefresh":false,"showFog":true,"showSkybox":false,"showFlares":true,"showImageEffects":true,"showParticleSystems":true,"showVisualEffectGraphs":true,"m_FxEnabled":true},"in2DMode":false,"pivot":{"x":684.7687377929688,"y":132.4276885986328,"z":619.4115600585938},"rotation":{"x":0.07819054275751114,"y":0.03052271157503128,"z":-0.0021478813141584398,"w":0.9963408708572388},"size":656.0079956054688,"orthographic":false}