{"cameraMode":{"drawMode":0,"name":"Shaded","section":"Shading Mode"},"sceneLighting":false,"audioPlay":false,"sceneViewState":{"m_AlwaysRefresh":false,"showFog":true,"showSkybox":false,"showFlares":true,"showImageEffects":true,"showParticleSystems":true,"showVisualEffectGraphs":true,"m_FxEnabled":true},"in2DMode":false,"pivot":{"x":-0.14524002373218537,"y":0.0939851850271225,"z":15.02842903137207},"rotation":{"x":-0.07820620387792587,"y":0.0019400365417823196,"z":-0.0014370324788615108,"w":-0.9966640472412109},"size":8.7098388671875,"orthographic":false}