{"cameraMode":{"drawMode":0,"name":"Shaded","section":"Shading Mode"},"sceneLighting":false,"audioPlay":false,"sceneViewState":{"m_AlwaysRefresh":false,"showFog":true,"showSkybox":false,"showFlares":true,"showImageEffects":true,"showParticleSystems":true,"showVisualEffectGraphs":true,"m_FxEnabled":true},"in2DMode":false,"pivot":{"x":38.384395599365237,"y":15.900007247924805,"z":99.1515884399414},"rotation":{"x":-0.002876053564250469,"y":-0.9699527621269226,"z":0.23668210208415986,"w":0.04353399947285652},"size":5.678908348083496,"orthographic":false}